{
	"make-enquiry": "提交查询",
	"make-mice-enquiry": "提交MICE查询",
	"learn-more": "了解更多",
	"get-in-touch": "联系我们",
	"soluxetour": "Soluxe Tour",
	"tashkent": "塔什干",
	"samarkand": "撒马尔罕",
	"khiva": "希瓦",
	"bukhara": "布哈拉",
	"address": "地址",
	"phone": "电话",
	"email": "电子邮件",
	"tashkent-uzb": "乌兹别克斯坦，塔什干",
	"beijing-china": "中国，北京",
	"almaty-kaz": "哈萨克斯坦，阿拉木图",
	"book-travel": "预订旅行",

	"hero-title": "我们将展示乌兹别克斯坦的所有美丽",

	"offer-title": "我们为旅行者提供最真实的体验和最实惠的价格",
	"offer-text-1": "在Soluxe Tour，我们秉持‘细节决定成败’的理念。我们专注于为全球小型和中型旅游运营商提供卓越的服务，确保我们的所有产品都经过精心设计，为您提供无与伦比的乌兹别克斯坦体验。",
	"offer-text-2": "我们的使命是提供超出客户期望的高质量服务，创造难忘的真实体验。我们努力寻找完美的元素组合，以完美契合客户的独特喜好。",

	"about-label-1": "专家于",
	"about-label-2": "致力于创造",
	"about-label-3": "专注于提升",
	"about-label-4": "您的旅行伙伴",
	"about-title-1": "目的地管理",
	"about-title-2": "真实体验",
	"about-title-3": "企业旅行与M.I.C.E.",
	"about-title-4": "全方位旅行解决方案",
	"about-text-1": "我们是一群热爱旅行和旅游业的专业人士。我们对乌兹别克斯坦的深厚热爱和了解，激励我们与那些寻找独特体验和隐藏秘密的人分享这个非凡国家的美丽。凭借我们团队广泛的目的地知识、专属客户经理、24/7支持以及在整个地区的强大合作伙伴关系，我们相信与我们合作是一个简单的选择。",
	"about-text-2": "几十年来，我们的超级明星团队掌握了创造乌兹别克斯坦最难忘体验的秘密。在满足您的所有需求的同时，我们确保每次冒险都是真实的并且远离人群。",
	"about-text-3": "在MICE旅行方面，我们的团队将帮助您为您的公司策划难忘的活动。无论是会议还是奖励旅行，信任Soluxe Tour的MICE团队将成为您从一开始就的战略旅行伙伴。",
	"about-text-4": "对于我们来说，没有任何请求太小或太大。如果对您重要，对我们来说也同样重要。我们已经处理了成千上万的请求，从预订和转运到精心定制的大型团体旅游套餐。我们为每位客户和任何请求都不遗余力。",

	"tours-label": "探索",
	"tours-title": "探索乌兹别克斯坦的最佳去处",
	"tours-subtitle": "乌兹别克斯坦，位于中亚的心脏，是历史、文化和自然美景的丰富融合。",
	"tours-title-1": "乌兹别克斯坦掠影",
	"tours-title-2": "历史宝藏",
	"tours-title-3": "古代手工艺品",
	"tours-title-4": "现代设施",
	"tours-title-5": "热情好客",
	"tours-title-6": "文化丰富",
	"tours-text-1": "作为MICE（会议、奖励、会议、展览）旅游的首选目的地，乌兹别克斯坦提供了古老传统与现代设施的非凡融合，使其成为您下一个商务活动的理想地点。",
	"tours-text-2": "漫步在撒马尔罕、布哈拉和希瓦的传奇城市中，在这里古老的丝绸之路通过令人惊叹的建筑和充满活力的市场栩栩如生。欣赏宏伟的列吉斯坦广场，精致的沙伊·辛达陵园和永恒的阿克堡垒。",
	"tours-text-3": "探索代代相传的精美手工艺品。从复杂的丝绸编织和精细的陶瓷到惊艳的刺绣和木雕，乌兹别克斯坦的工匠们继续创造反映国家丰富文化遗产的杰作。",
	"tours-text-4": "利用最先进的会议场所、豪华酒店和一流的活动管理服务。乌兹别克斯坦的基础设施确保您所有商务需求的无缝和舒适体验。",
	"tours-text-5": "体验闻名于世的乌兹别克热情好客，每位游客都像是珍贵的客人。人民的温暖和友善会让您宾至如归，确保您度过愉快难忘的旅程。",
	"tours-text-6": "沉浸在乌兹别克斯坦多元的文化遗产中，从传统音乐和舞蹈到精美的美食。体验独特的地方传统，使每次访问都独具特色。",

	"everyone-title": "乌兹别克斯坦为每个人提供了一些东西",
	"everyone-subtitle": "在Soluxe Tour，我们专注于根据您的需求定制难忘的MICE体验。加入我们，探索为什么乌兹别克斯坦是您下一个MICE之旅的理想目的地。",
	"everyone-text-1": "乌兹别克斯坦为寻求刺激的冒险者提供了各种活动，包括在奇兹尔库姆沙漠的沙板滑行，在奇姆甘山的徒步旅行，以及探索古老的丝绸之路城市。",
	"everyone-text-2": "乌兹别克斯坦是一个适合全家人旅游的好地方。这里有许多海滩、度假村和水上乐园可以享受，还有历史遗址和文化景点。",
	"everyone-text-3": "乌兹别克斯坦是企业活动和MICE团体的热门目的地。该国提供了各种场所，包括酒店、会议中心和美丽的度假村。",
	"everyone-text-4": "乌兹别克斯坦是一个拥有丰富历史和文化的国家。有许多历史遗址可以参观，包括堡垒、清真寺和博物馆。该国还拥有充满活力的艺术和文化氛围。",
	"everyone-title-1": "寻求刺激者",
	"everyone-title-2": "家庭与休闲",
	"everyone-title-3": "企业与MICE",
	"everyone-title-4": "文化探索者",

	"experts-label": "MICE",
	"experts-title": "企业与M.I.C.E.旅行专家",
	"experts-subtitle": "我们让商务旅行变得轻松、无压力且经济高效，同时根据您的需求个性化每一个细节。我们可以帮助您规划和执行真正难忘的企业活动。我们致力于为您的团队提供安全且愉快的体验。",
	"experts-title-1": "会议",
	"experts-title-2": "奖励旅行",
	"experts-title-3": "会议",
	"experts-title-4": "活动",
	"experts-text-1": "我们遵循您的指导方针和要求，创建最有意义的会议空间，使您能够表达最具创新性的想法。",
	"experts-text-2": "我们将帮助您为员工提供应得的奖励旅行，通过创造乌兹别克斯坦最难忘、最具吸引力和独特的体验。",
	"experts-text-3": "通过我们的专家策划者、强大的网络和定制套餐，我们将帮助您将会议活动提升到一个新的水平。",
	"experts-text-4": "从半天到数周，我们可以帮助您为下一个企业活动创造独特而难忘的体验。",

	"partners-title": "让我们向您展示乌兹别克斯坦的最佳景点",

	"footer-address-1": "Afrosiyob str. 6/1，Mirabad区，",
	"footer-address-2": "塔什干市，乌兹别克斯坦共和国",
	"footer-contact": "联系方式",
	"footer-reserved": "版权所有。",
	"footer-dev": "开发与创建",

	"link-about": "关于我们",
	"link-services": "服务",
	"link-uzbekistan": "乌兹别克斯坦",
	"link-mice": "MICE",
	"link-contacts": "联系我们",
	"link-terms": "条款与条件",

	"about-hero-label": "我们是Soluxe Tour",
	"about-hero-title": "一群专注于展示乌兹别克斯坦最佳风采的专家",

	"reason-title": "我们存在的理由",
	"reason-subtitle": "我们为游客创造了难忘的回忆已经超过十年了，我们之所以能够如此出色地完成这项工作，是因为我们根植于我们的价值观，并与我们的使命保持一致。",

	"card-label-1": "我们的理念",
	"card-label-2": "我们的使命",
	"card-label-3": "我们的价值观",
	"card-title-1": "分享我们对土地及其奇观的深厚欣赏",
	"card-title-2": "通过乌兹别克的眼睛看乌兹别克斯坦——真实体验至上",
	"card-title-3": "我们的价值观引领我们的每一个决策",
	"card-text-1": "我们相信旅行不仅仅是观光；它应该是一种沉浸式体验，将旅行者与乌兹别克斯坦的灵魂联系在一起。我们承诺通过策划能够促进与当地社区的真实联系、尊重传统和保护环境的旅程来维护这个非凡土地的真实性。",
	"card-text-2": "我们的使命是为旅行者提供发现这个国家丰富遗产、令人叹为观止的景观和温暖好客的机会。我们通过对细节的严格关注，创造了难以忘怀的冒险，庆祝这个迷人目的地的真实性和独特性。",

	"value-title-1": "真实",
	"value-title-2": "可靠",
	"value-title-3": "客户至上",
	"value-text-1": "在Soluxe Tour，真实性是我们决策过程的核心。无论是如何设计行程，还是我们每天如何展示自己。与我们同行，您的旅程将始终是对国家真实宝藏的有意义探索。",
	"value-text-2": "我们对可靠性和专业性的承诺确保了您的旅程的无缝规划和执行。请放心，与Soluxe Tour合作，您的旅行安排掌握在安全的手中。",
	"value-text-3": "我们的客户是我们一切工作的前沿。您的满意和舒适是至关重要的，我们根据您的独特喜好和需求定制服务。您的幸福是我们的首要任务，我们致力于创造超出您期望的难忘体验。",

	"best-title": "我们荣幸地与最优秀的人合作",

	"tips-title": "游客访问乌兹别克斯坦的提示",
	"tips-text-1": "访问乌兹别克斯坦时，务必注意当地的习俗和传统。乌兹别克斯坦人民以其热情好客而闻名，对当地文化的尊重态度将提升您的体验。特别是在访问宗教场所时，请穿着得体，并在拍摄人们的照片前（尤其是在农村地区）征得许可。学习一些乌兹别克语或俄语的基本短语也不失为一个好主意，因为这将受到当地人的高度赞赏，并帮助您更轻松地四处走动。",
	"tips-text-2": "另一个重要提示是合理安排财务，因为乌兹别克斯坦主要是一个现金社会。虽然塔什干等大城市可能有ATM并且酒店和高级餐厅接受信用卡，但建议在较小的城镇、市场和当地商贩处携带足够的现金。当地货币是乌兹别克斯坦索姆，建议在官方兑换点或银行兑换货币以获得最优惠的汇率。此外，虽然在较大的城市自来水通常是安全的，但在旅行期间最好饮用瓶装水，以避免任何胃部不适。",

	"message-title": "让我们帮助您向您的客户展示乌兹别克斯坦的最佳风采",

	"services-hero-title": "没有任何请求太小或太大。如果对您重要，对我们来说也重要",
	"services-hero-title-1": "目的地管理",
	"services-hero-title-2": "根据您的需求设计的旅游",
	"services-hero-title-3": "M.I.C.E",
	"services-hero-title-4": "强大的本地合作伙伴",
	"services-hero-title-5": "全方位旅行服务",
	"services-hero-text-1": "具有本地见解和无缝后勤的精心策划的乌兹别克斯坦体验",
	"services-hero-text-2": "根据个人喜好和兴趣量身定制的行程",
	"services-hero-text-3": "专业和高效的会议、奖励、会议和展览服务",
	"services-hero-text-4": "广泛的网络和合作，为独家访问和真实体验提供无与伦比的价格",
	"services-hero-text-5": "从策划到执行的全方位支持和解决方案，确保无压力的旅行",

	"services-offer-label": "我们提供",
	"services-offer-title": "普通人，创造非凡体验",
	"services-offer-title-1": "目的地管理",
	"services-offer-title-2": "全方位礼宾服务",
	"services-offer-title-3": "企业与MICE旅行",
	"services-offer-text-1": "我们的全面目的地管理服务提供对乌兹别克斯坦的深入了解，确保无缝的旅行安排、专业指导以及对国家隐藏瑰宝的访问。从后勤到文化体验，我们为您的客户策划了一个丰富的旅程。",
	"services-offer-text-2": "通过我们的全方位礼宾服务，我们处理每一个细节，包括住宿、交通和活动，为您的客户提供无忧的体验。我们敬业的团队确保顺畅且个性化的旅程，满足他们的喜好。",
	"services-offer-text-3": "我们让商务旅行变得轻松、无压力且经济高效，同时根据您的需求个性化每一个细节。我们可以帮助您规划和执行真正难忘的企业活动。我们致力于为您的团队提供安全且愉快的体验。",

	"better-label": "我们做得更好",
	"better-title": "普通人，创造非凡体验",
	"better-title-1": "您的安全是我们的首要任务",
	"better-title-2": "为每个独特需求量身定制",
	"better-title-3": "真人，真实联系",
	"better-text-1": "您的安全是我们的首要任务。我们实施严格的措施，并与值得信赖的合作伙伴密切合作，确保您在乌兹别克斯坦的无忧旅行。",
	"better-text-2": "享受专门为您量身定制的旅行乐趣。我们敬业的团队设计个性化体验，结合您的激情和喜好，创造值得珍藏的回忆。",
	"better-text-3": "感受我们团队的真诚关怀和温暖。我们相信建立有意义的联系，在您乌兹别克斯坦的每一步冒险中提供个性化支持。",

	"services-message-title": "我们相信在追求真实体验的过程中，有意偏离常规路径。",
	"services-message-text": "我们重视真实、连接的旅行，并努力创造一次次终生难忘的体验，这些体验对您、人类和您访问的多样化地点都有益。",

	"travel-title": "不仅仅是一个旅行伙伴",
	"travel-text": "我们相信关系和社区的力量，与我们在一起的对话会深入，友谊会建立，联系会持续一生。我们不仅仅是一个旅行伙伴。",

	"uzb-hero-title": "适合任何场合的理想目的地",
	"uzb-hero-text": "乌兹别克斯坦，位于中亚的十字路口，是古老与现代奇观的融合。它与哈萨克斯坦、吉尔吉斯斯坦、塔吉克斯坦、阿富汗和土库曼斯坦接壤，提供了丰富的历史和文化。发现丝绸之路的城市、令人惊叹的沙漠和宏伟的伊斯兰建筑。在这个内陆宝石中体验充满活力的集市、历史悠久的清真寺和宏伟的宫殿。",

	"destination-title": "我们的目的地",
	"destination-text-1": "乌兹别克斯坦的充满活力的首都塔什干，现代化与丰富的文化遗产无缝融合。探索其熙熙攘攘的市场、精美的清真寺和苏联时期的建筑。主要景点包括哈斯特伊玛目建筑群、乔尔苏巴扎和美丽的阿米尔·帖木尔广场。",
	"destination-text-2": "撒马尔罕，丝绸之路上的一颗明珠，以其令人叹为观止的伊斯兰建筑而闻名。参观宏伟的列吉斯坦广场、令人惊叹的沙伊·辛达陵园和宏大的古尔·艾米尔陵墓。撒马尔罕丰富的历史和充满活力的文化使其成为不容错过的目的地。",
	"destination-text-3": "布哈拉，一个联合国教科文组织世界遗产地，拥有一千多年的建筑和文化瑰宝。漫步在保存完好的老城区，惊叹于卡利安宣礼塔，并参观历史悠久的阿克堡垒。布哈拉的永恒魅力吸引了每一位游客。",
	"destination-text-4": "希瓦，一个活生生的博物馆，提供了对过去的瞥见，其保存完好的古城伊察卡拉。漫步在其狭窄的街道上，参观令人印象深刻的库纳阿克堡，并欣赏卡尔塔·米诺尔宣礼塔的精美瓷砖装饰。希瓦迷人的氛围是一种时光倒流的体验。",

	"take-title": "我们的观点",
	"take-text": "单凭风景的多样性，乌兹别克斯坦已经有许多不可思议的东西可供探索。自然爱好者和行动爱好者将在迷人的沙漠景观、神秘的山脉和意外的绿洲中获得回报。对于那些寻求放松的人来说，长达1700多公里的海岸线提供了一个接一个的梦幻海滩，城市和村庄中也有令人兴奋的文化亮点等待着您。",

	"discover-title": "与Soluxe Tour一起发现乌兹别克斯坦的最佳景点",
	"discover-subtitle": "乌兹别克斯坦仍然是旅行者中的一个内幕提示，在这里没有大众旅游或过度拥挤的景点。相反，在中亚最安全的旅游目的地，您将体验到真实的东方体验：令人叹为观止的景观、迷人的文化和与极其友善的乌兹别克人的真实邂逅。",
	"discover-title-1": "深厚的专业知识与知识",
	"discover-title-2": "精心定制的行程",
	"discover-title-3": "客户至上的服务",
	"discover-title-4": "您可以依赖的支持",
	"discover-text-1": "我们是一群充满热情的专家，拥有多年的经验，始终致力于将游客沉浸在乌兹别克斯坦的奇观中，创造难以忘怀的旅程。",
	"discover-text-2": "我们将根据您的需求和要求制定个性化的行程，为您创造难忘的回忆。",
	"discover-text-3": "让游客满意是我们的首要任务。我们将始终伴随在您的身边，提供温暖的支持和卓越的服务，确保您度过愉快的体验。",
	"discover-text-4": "无论何时何地，都可以依赖我们。凭借我们敬业的24/7帮助，游客可以在乌兹别克斯坦的整个旅程中感到自信和被照顾。",

	"titles-1": "美丽的海滩。闪闪发光的水域。崎岖的山脉。",
	"titles-2": "豪华度假村。充满活力的文化。惊险的冒险。",

	"mice-hero-title": "您的业务是我们的个人优先事项。",
	"mice-hero-text": "我们简化商务旅行，使其无压力且经济高效。凭借在企业和MICE旅行方面超过十年的经验，我们被信任为打造独特旅行体验的专家。",

	"business-title": "我们为商务旅行带来个人化服务",
	"business-title-1": "24x7真人支持",
	"business-title-2": "专属客户经理",
	"business-title-3": "专为您量身定制",
	"business-text-1": "我们由知识渊博的专业人士组成的敬业团队全天候为您提供支持，解答您的疑问，提供个性化建议，并迅速解决可能出现的任何问题。有了我们，您可以放心，无论时间或情况如何，可靠的支持都只需一个电话即可获得。",
	"business-text-2": "我们专属的客户经理是您个人的联系点，确保无缝且个性化的体验。他们将与您密切合作，了解您的独特需求和目标，并在每个步骤中提供专家指导，从初步规划到活动后的跟进，以确保您的活动成功。",
	"business-text-3": "我们的可定制解决方案将您的愿景转化为难忘的活动。从场地选择到活动设计，我们的专家策划独特的体验，符合您的品牌和目标。凭借对细节的严格关注和卓越的结果，我们将您的愿景变为现实，并创造持久的印象。",

	"us-label": "为什么选择我们",
	"us-title": "在创造难忘的MICE体验方面拥有丰富的专业知识",
	"us-text": "对于M.I.C.E.旅行，我们的团队致力于为您的公司创造难忘的活动。无论是会议还是奖励旅行，信任Soluxe Tours的M.I.C.E.团队从一开始就成为您的战略旅行伙伴。",
	"us-text-1": "会议、奖励旅行、会议和活动的企业客户",
	"us-text-2": "客户保留率 – 我们的客户几乎总是会回归。",

	"mice-card-label-1": "会议",
	"mice-card-title-1": "用有意义的空间赋予想法力量",
	"mice-card-text-1": "在商业中，意见的交流始终至关重要，使会议成为传播信息的理想方式。它们还提供了讨论和交换各种主题或问题观点的机会。我们的团队在策划、准备和执行有意义的会议空间方面拥有丰富的经验，包括所有配套的现场和非现场活动。",
	"mice-card-label-2": "奖励旅行",
	"mice-card-title-2": "真正值得的奖励旅行体验",
	"mice-card-text-2": "通过我们的奖励旅行服务点燃成功。用难忘的体验奖励和激励您的团队。从独家目的地到策划活动，我们处理每一个细节。增强参与感，促进团队合作，取得非凡的成果。",
	"mice-card-label-3": "会议",
	"mice-card-title-3": "优雅的会议，轻松呈现",
	"mice-card-text-3": "通过定制服务、广泛的网络和专家活动策划，我们可以通过无缝的后勤支持提升您的下一个企业聚会，让您专注于建立联系和实现业务目标。",
	"mice-card-label-4": "活动",
	"mice-card-title-4": "旨在激发和点燃的活动",
	"mice-card-text-4": "特殊活动应当独特，给每个参与者留下难忘的回忆。我们处理想法并将其实现，始终遵循您的意愿和指导方针。因为特殊活动是成功的关键，我们对每一个细节都给予密切关注，哪怕是最小的细节。",

	"contacts-address-tash-1": "Afrosiyob str. 6/1，",
	"contacts-address-tash-2": "Mirabad区，",
	"contacts-address-tash-3": "塔什干市，",
	"contacts-address-tash-4": "乌兹别克斯坦共和国",
	"contacts-address-beijing-1": "Tower B, Haiger国际604办公室，",
	"contacts-address-beijing-2": "Xuanwumen大街20号，",
	"contacts-address-beijing-3": "西城区，",
	"contacts-address-beijing-4": "北京，中国",
	"contacts-address-beijing-5": "北京，中国",
	"contacts-address-almaty-1": "Kazybekbi 22b，",
	"contacts-address-almaty-2": "阿拉木图，哈萨克斯坦,",
	"contacts-title": "欢迎来到乌兹别克斯坦，历史古道和现代会议旅行的瑰宝所在！"
}
